"","tb","tcd4","tmonocyte","tnk","tcd8"
"IGJ",1,0,0,0,0
"MS4A1",1,0,0,0,0
"CD74",1,0,1,0,0
"HLA-DRA",1,0,1,0,0
"BANK1",1,0,1,0,0
"HLA-DRB1",1,0,1,0,0
"HLA-DPB1",1,0,1,0,0
"CD79A",1,0,0,0,0
"HLA-DPA1",1,0,1,0,0
"RALGPS2",1,0,0,0,0
"PAX5",1,0,0,0,0
"CD79B",1,0,0,0,0
"SWAP70",1,0,1,0,0
"BIRC3",1,1,0,0,0
"CD22",1,0,0,0,0
"SEL1L3",1,0,0,0,0
"HLA-DQA1",1,0,1,0,0
"MYO1F",0,0,1,0,0
"SPN",0,0,0,1,1
"ITGAL",0,0,0,1,0
"EFHD2",0,0,1,1,1
"S100A6",0,0,1,0,0
"S100A4",0,0,1,0,0
"SRGN",0,0,1,0,0
"SLFN5",0,1,0,1,1
"ANXA1",0,0,1,0,1
"FYB",0,1,1,0,0
"SAMHD1",0,0,1,0,0
"TYROBP",0,0,1,1,0
"ITGB2",0,0,1,0,0
"S100A9",1,0,1,0,0
"S100A8",1,0,1,0,0
"VCAN",1,0,1,0,0
"LYZ",1,0,1,0,0
"PSAP",0,0,1,0,0
"CTSS",0,0,1,0,0
"FCN1",1,0,1,0,0
"CYBB",1,0,1,0,0
"FOS",0,0,1,0,0
"FTL",0,0,1,0,0
"APLP2",0,0,1,0,0
"MNDA",1,0,1,0,0
"IFI27",1,0,1,0,0
"CD14",1,0,1,0,0
"GRN",0,0,1,0,0
"S100A12",1,0,1,0,0
"PLBD1",1,0,1,0,0
"NCF2",1,0,1,0,0
"CTSB",0,0,1,0,0
"TKT",0,0,1,0,0
"VIM",0,0,1,0,0
"AIF1",1,1,1,0,0
"SERPINA1",1,0,1,0,0
"MPEG1",1,0,1,0,0
"FGL2",0,0,1,0,0
"TYMP",0,0,1,0,0
"CST3",0,0,1,0,0
"COTL1",1,1,1,0,0
"IFITM3",0,0,1,0,0
"SAT1",0,0,1,0,0
"DUSP6",0,0,1,0,0
"FPR1",1,0,1,0,0
"CD36",1,0,1,0,0
"TSPO",0,0,1,0,0
"PKM",0,0,1,0,0
"GPX1",0,0,1,0,0
"DUSP1",0,0,1,0,0
"KCTD12",1,0,1,0,0
"RGS2",1,0,1,0,0
"EMILIN2",0,0,1,0,0
"CD300E",1,0,1,0,0
"MS4A6A",1,0,1,0,0
"ANXA2",0,0,1,0,0
"CTSD",0,0,1,0,0
"AMICA1",0,1,1,0,0
"LILRB2",0,0,1,0,0
"CD93",0,0,1,0,0
"RAB31",1,0,1,0,0
"TNFAIP2",1,0,1,0,0
"KLF4",1,0,1,0,0
"MAFB",1,0,1,0,0
"CFP",1,1,1,0,0
"C10orf54",0,0,1,0,0
"TNFRSF1B",0,0,1,0,0
"MEGF9",0,0,1,0,0
"CPVL",1,0,1,0,0
"LST1",0,0,1,0,0
"LGALS1",0,0,1,0,0
"CLU",0,0,1,0,0
"LYN",1,0,1,1,1
"IL17RA",0,0,1,0,0
"PGD",0,0,1,0,0
"GLUL",0,0,1,0,0
"RASSF2",1,0,1,0,0
"CEBPD",0,0,1,1,0
"TALDO1",0,0,1,0,0
"LRP1",1,0,1,0,0
"PTAFR",0,0,1,0,0
"SERPINB1",0,0,1,0,0
"CD163",1,0,1,0,0
"CYP1B1",1,0,1,0,0
"SOD2",0,0,1,0,0
"FGR",1,0,1,1,1
"HCK",1,0,1,0,0
"S100A10",0,0,1,0,0
"SLC11A1",0,0,1,0,0
"SULF2",1,0,1,0,0
"PLXDC2",0,0,1,0,0
"PPP1R15A",0,0,1,0,0
"FCGRT",0,0,1,0,0
"LRRK2",1,0,1,0,0
"ACSL1",0,0,1,0,0
"PPT1",0,0,1,0,0
"ANXA5",0,0,1,0,0
"FCER1G",0,0,1,1,0
"CLEC12A",0,0,1,0,0
"TGFBI",1,0,1,0,0
"RNF130",0,0,1,0,0
"GNS",0,0,1,0,0
"DMXL2",0,0,1,0,0
"CFD",1,0,1,0,0
"CECR1",0,0,1,0,0
"IL8",1,1,1,0,1
"FOSB",1,0,1,0,0
"SYK",1,0,1,1,0
"TLR4",1,0,1,0,0
"CKAP4",1,0,1,0,0
"LTA4H",0,0,1,0,0
"CSF3R",1,0,1,0,0
"CD63",0,0,1,1,0
"CTSZ",1,0,1,0,0
"DYSF",0,0,1,0,0
"ALDH2",1,0,1,0,0
"ITGAM",0,0,1,1,1
"IGSF6",1,0,1,0,0
"GAS7",0,0,1,1,0
"BRI3",0,0,1,0,0
"WARS",0,0,1,0,0
"ASAH1",0,0,1,0,0
"CTSH",1,0,1,0,0
"NAMPT",0,0,1,0,0
"NCF1",1,0,1,0,0
"CCDC88A",0,0,1,0,0
"FCGR2A",1,0,1,0,0
"ZFP36",0,0,1,0,0
"ATP6V1B2",0,0,1,0,0
"RNASE2",1,0,1,0,1
"TNFSF13B",0,0,1,0,0
"CSF1R",1,0,1,0,0
"CDC42EP3",0,0,1,0,0
"SLC7A7",1,0,1,0,0
"ANPEP",1,0,1,0,0
"C5AR1",1,0,1,0,0
"LYST",0,0,1,0,0
"AP1S2",0,0,1,0,0
"PLXNC1",0,0,1,0,0
"GLIPR2",0,0,1,0,0
"CTSA",0,0,1,0,0
"SGK1",1,1,1,0,0
"MEFV",0,0,1,0,0
"PLEKHO1",1,0,1,0,0
"BACH1",0,0,1,0,0
"CCR2",1,0,1,0,0
"IRAK3",1,0,1,0,0
"SDCBP",0,0,1,0,0
"OGFRL1",0,0,1,0,0
"GSTP1",0,0,1,0,0
"TNFSF10",0,0,1,0,0
"CAPG",1,0,1,0,0
"SIRPA",1,0,1,0,0
"CLEC7A",0,0,1,0,0
"PTPRE",0,0,1,0,0
"KLF10",0,0,1,0,0
"LAP3",0,0,1,0,0
"BST1",1,0,1,0,0
"SCPEP1",1,0,1,0,0
"MSRB1",0,0,1,0,0
"ARRB2",0,0,1,0,0
"S100A11",0,0,1,0,0
"GCA",1,0,1,0,0
"TLR2",1,0,1,0,0
"RTN3",0,0,1,0,0
"FBXL5",0,0,1,0,0
"BLVRA",0,0,1,0,0
"LMO2",1,0,1,0,0
"NAIP",0,0,1,0,0
"RXRA",0,0,1,0,0
"NPC2",0,0,1,0,0
"FCGR1A",1,0,1,0,0
"SORT1",0,0,1,0,0
"TIMP2",1,0,1,0,0
"ATP6V0B",0,0,1,0,0
"MARCH1",1,0,1,0,0
"TRIB1",1,0,1,0,0
"BLVRB",0,0,1,0,0
"DPYD",0,0,1,0,0
"PAK1",0,0,1,0,0
"CPPED1",0,0,1,0,0
"ALOX5",1,1,1,0,0
"CCR1",0,0,1,0,0
"PIK3AP1",1,0,1,1,1
"CSTA",1,0,1,0,0
"PILRA",0,0,1,0,0
"THEMIS2",0,0,1,0,0
"CORO1C",1,0,1,0,0
"SKAP2",1,0,1,1,0
"PYGL",1,0,1,0,0
"SIRPB1",1,0,1,0,0
"LGALS3",0,0,1,0,0
"DPYSL2",0,0,1,0,0
"NFAM1",1,0,1,0,1
"LCK",0,1,0,1,1
"GOLGA8A",1,1,0,1,1
"RP11-94L15.2",1,1,0,1,1
"SPTBN1",0,1,0,0,0
"CD3D",0,1,0,1,1
"CCND2",1,1,0,1,1
"RUNX3",0,0,0,1,1
"CYFIP2",0,1,0,1,1
"EVL",0,1,0,1,1
"GZMA",0,0,0,1,1
"ATM",0,1,0,1,0
"SPOCK2",0,1,0,1,1
"CD247",0,1,0,1,1
"GZMH",0,0,0,1,1
"SLC38A1",1,1,0,1,1
"GZMB",1,0,0,1,1
"LTB",1,1,0,0,0
"PTPRCAP",1,1,0,1,1
"ARL4C",0,1,0,1,1
"SYNE1",0,0,0,1,1
"IL7R",0,1,0,0,1
"PRF1",0,0,0,1,1
"CCL5",0,0,0,1,1
"ETS1",1,1,0,1,1
"GNLY",0,0,0,1,1
"SYNE2",1,1,0,1,1
"CD8A",0,0,0,1,1
"CD3G",0,1,0,1,1
"IL32",0,1,0,1,1
"NKG7",0,0,0,1,1
"TCF7",0,1,0,0,1
"DGKA",0,1,0,0,0
"LDHB",0,1,0,0,0
"LEF1",0,1,0,0,1
"CYLD",0,1,0,0,0
"CCR7",1,1,0,0,0
"PIK3IP1",0,1,0,0,0
"ABLIM1",1,1,0,1,1
"IL6ST",0,1,0,0,0
"RCAN3",1,1,0,0,0
"BCL11B",0,1,0,1,1
"MAL",0,1,0,0,0
"TRABD2A",0,1,0,0,0
"CAMK4",0,1,0,0,1
"ZEB2",1,0,1,1,1
"FCGR3A",0,0,1,1,1
"PLEK",1,0,1,1,1
"FGFBP2",0,0,0,1,1
"SPON2",0,0,0,1,1
"IL2RB",0,0,0,1,1
"GNPTAB",0,0,0,1,0
"KLRD1",0,0,0,1,1
"GPR56",0,0,0,1,1
"CX3CR1",0,0,1,1,1
"CTSW",0,0,0,1,1
"S1PR5",0,0,0,1,1
"NCAM1",0,0,0,1,1
"CST7",0,0,0,1,1
"HOPX",0,0,0,1,1
"MYBL1",0,0,0,1,1
"FCGR3B",0,0,1,1,1
"TGFBR3",0,0,0,1,1
"KLRF1",0,0,0,1,1
"APMAP",0,0,0,1,0
"SLAMF7",1,0,0,1,1
